mode,batch_size,batch_id,request_id,workflow,role,phase,latency_ms,batch_latency_ms,prompt_chars,output_chars,output_tokens,sidecar_elapsed_us,sidecar_fallback_reason
baseline,2,0,planner-coder-tester-000-plan,planner-coder-tester,planner,plan,68.0749244056642,136.1498488113284,118,35,8,0.0,
baseline,2,0,planner-coder-tester-000-code,planner-coder-tester,coder,act,68.0749244056642,136.1498488113284,151,45,8,0.0,
baseline,2,1,planner-coder-tester-000-test,planner-coder-tester,tester,verify,56.095353327691555,112.19070665538311,146,30,8,0.0,
baseline,2,1,planner-coder-tester-000-critic,planner-coder-tester,critic,reflect,56.095353327691555,112.19070665538311,115,34,8,0.0,
baseline,2,0,planner-coder-tester-001-plan,planner-coder-tester,planner,plan,69.53479931689799,139.06959863379598,123,46,8,0.0,
baseline,2,0,planner-coder-tester-001-code,planner-coder-tester,coder,act,69.53479931689799,139.06959863379598,169,43,8,0.0,
baseline,2,1,planner-coder-tester-001-test,planner-coder-tester,tester,verify,56.54769646935165,113.0953929387033,164,48,8,0.0,
baseline,2,1,planner-coder-tester-001-critic,planner-coder-tester,critic,reflect,56.54769646935165,113.0953929387033,120,44,8,0.0,
tokenmoe_sidecar,2,0,planner-coder-tester-000-plan,planner-coder-tester,planner,plan,67.8599129896611,135.7198259793222,118,35,8,103.0205748975277,dense_model_no_moe_router
tokenmoe_sidecar,2,0,planner-coder-tester-000-code,planner-coder-tester,coder,act,67.8599129896611,135.7198259793222,151,45,8,10.921154171228409,dense_model_no_moe_router
tokenmoe_sidecar,2,1,planner-coder-tester-000-test,planner-coder-tester,tester,verify,50.072871847078204,100.14574369415641,146,44,8,33.079180866479874,dense_model_no_moe_router
tokenmoe_sidecar,2,1,planner-coder-tester-000-critic,planner-coder-tester,critic,reflect,50.072871847078204,100.14574369415641,115,34,8,7.793772965669632,dense_model_no_moe_router
tokenmoe_sidecar,2,0,planner-coder-tester-001-plan,planner-coder-tester,planner,plan,68.442641524598,136.885283049196,123,46,8,124.57743287086487,dense_model_no_moe_router
tokenmoe_sidecar,2,0,planner-coder-tester-001-code,planner-coder-tester,coder,act,68.442641524598,136.885283049196,169,43,8,18.08907836675644,dense_model_no_moe_router
tokenmoe_sidecar,2,1,planner-coder-tester-001-test,planner-coder-tester,tester,verify,56.466113310307264,112.93222662061453,164,48,8,33.115968108177185,dense_model_no_moe_router
tokenmoe_sidecar,2,1,planner-coder-tester-001-critic,planner-coder-tester,critic,reflect,56.466113310307264,112.93222662061453,120,44,8,7.05476850271225,dense_model_no_moe_router
